celltype,construct,enh_dinuc
DE,169.12236,92.18041
ENP_phase1,20.544287,43.98693
FB_FLT1,0.24590611,0.00031013487
PFG1,25.083008,25.771656
PFG2,67.01549,68.37403
PGT1,56.92067,39.757393
PGT2,57.073265,21.429344
PGT3,65.08929,45.405308
PP1,29.282967,72.30769
PP2,18.908129,49.04254
SC_delta_GHRL,10.590831,16.860447
early_ENP,18.927206,23.07983
early_SC_EC,39.57443,41.224598
early_SC_alpha,55.111614,63.711872
early_SC_beta,87.69877,94.52578
exocrine,40.510387,75.512566
late_ENP,5.8951144,8.46021
late_SC_EC,60.751854,61.756943
late_SC_alpha,33.10264,37.345203
late_SC_beta,111.407936,117.368
liver,20.145004,3.0997512
proliferating_endocrine,13.241759,16.55725
